year_actual, quarter_name, month_actual, month_name, neighborhood_name, latitude, longitude, dapr, mdpr, prcp
2019,1Q-2019,1,Jan,"CLAIREMONT 3.7SSE, CA US",32.781258,-117.18667,,,2.32
2019,1Q-2019,2,Feb,"CLAIREMONT 3.7SSE, CA US",32.781258,-117.18667,,,5.04
2019,1Q-2019,3,Mar,"CLAIREMONT 3.7SSE, CA US",32.781258,-117.18667,,,1.33
2019,2Q-2019,4,Apr,"CLAIREMONT 3.7SSE, CA US",32.781258,-117.18667,,,0.26
2019,2Q-2019,5,May,"CLAIREMONT 3.7SSE, CA US",32.781258,-117.18667,,,1.14
2019,2Q-2019,6,Jun,"CLAIREMONT 3.7SSE, CA US",32.781258,-117.18667,,,0.02
2019,3Q-2019,7,Jul,"CLAIREMONT 3.7SSE, CA US",32.781258,-117.18667,,,0.04
2019,3Q-2019,8,Aug,"CLAIREMONT 3.7SSE, CA US",32.781258,-117.18667,,,0
2019,3Q-2019,9,Sep,"CLAIREMONT 3.7SSE, CA US",32.781258,-117.18667,,,0.01
2019,4Q-2019,10,Oct,"CLAIREMONT 3.7SSE, CA US",32.781258,-117.18667,,,0
2019,4Q-2019,11,Nov,"CLAIREMONT 3.7SSE, CA US",32.781258,-117.18667,,,2.94
2019,4Q-2019,12,Dec,"CLAIREMONT 3.7SSE, CA US",32.781258,-117.18667,,,3.99
2020,1Q-2020,1,Jan,"CLAIREMONT 3.7SSE, CA US",32.781258,-117.18667,,,0.65
2020,1Q-2020,2,Feb,"CLAIREMONT 3.7SSE, CA US",32.781258,-117.18667,,,0.59
2020,1Q-2020,3,Mar,"CLAIREMONT 3.7SSE, CA US",32.781258,-117.18667,,,2.74
2020,1Q-2021,1,Jan,"CLAIREMONT 3.7SSE, CA US",32.781258,-117.18667,,,0
2020,2Q-2020,4,Apr,"CLAIREMONT 3.7SSE, CA US",32.781258,-117.18667,,,4.78
2020,2Q-2020,5,May,"CLAIREMONT 3.7SSE, CA US",32.781258,-117.18667,,,0.02
2020,2Q-2020,6,Jun,"CLAIREMONT 3.7SSE, CA US",32.781258,-117.18667,,,0.25
2020,3Q-2020,7,Jul,"CLAIREMONT 3.7SSE, CA US",32.781258,-117.18667,,,0
2020,3Q-2020,8,Aug,"CLAIREMONT 3.7SSE, CA US",32.781258,-117.18667,,,0
2020,3Q-2020,9,Sep,"CLAIREMONT 3.7SSE, CA US",32.781258,-117.18667,,,0
2020,4Q-2019,12,Dec,"CLAIREMONT 3.7SSE, CA US",32.781258,-117.18667,,,0
2020,4Q-2020,10,Oct,"CLAIREMONT 3.7SSE, CA US",32.781258,-117.18667,,,0
2020,4Q-2020,11,Nov,"CLAIREMONT 3.7SSE, CA US",32.781258,-117.18667,,,0.48
2020,4Q-2020,12,Dec,"CLAIREMONT 3.7SSE, CA US",32.781258,-117.18667,,,0.57
2021,1Q-2021,1,Jan,"CLAIREMONT 3.7SSE, CA US",32.781258,-117.18667,,,2.39
2021,1Q-2021,2,Feb,"CLAIREMONT 3.7SSE, CA US",32.781258,-117.18667,,,0.17
2021,1Q-2021,3,Mar,"CLAIREMONT 3.7SSE, CA US",32.781258,-117.18667,,,2.33
2019,1Q-2019,1,Jan,"LA JOLLA 2.1 SE, CA US",32.825728,-117.25006,,,2.41
2019,1Q-2019,2,Feb,"LA JOLLA 2.1 SE, CA US",32.825728,-117.25006,,,5.8
2019,1Q-2019,3,Mar,"LA JOLLA 2.1 SE, CA US",32.825728,-117.25006,,,2
2019,2Q-2019,4,Apr,"LA JOLLA 2.1 SE, CA US",32.825728,-117.25006,,,0.59
2019,2Q-2019,5,May,"LA JOLLA 2.1 SE, CA US",32.825728,-117.25006,,,1.39
2019,2Q-2019,6,Jun,"LA JOLLA 2.1 SE, CA US",32.825728,-117.25006,,,0.13
2019,3Q-2019,7,Jul,"LA JOLLA 2.1 SE, CA US",32.825728,-117.25006,,,0
2019,3Q-2019,8,Aug,"LA JOLLA 2.1 SE, CA US",32.825728,-117.25006,,,0
2019,3Q-2019,9,Sep,"LA JOLLA 2.1 SE, CA US",32.825728,-117.25006,,,0.13
2019,4Q-2019,10,Oct,"LA JOLLA 2.1 SE, CA US",32.825728,-117.25006,,,0
2019,4Q-2019,11,Nov,"LA JOLLA 2.1 SE, CA US",32.825728,-117.25006,,,2.83
2019,4Q-2019,12,Dec,"LA JOLLA 2.1 SE, CA US",32.825728,-117.25006,,,4.07
2020,1Q-2020,1,Jan,"LA JOLLA 2.1 SE, CA US",32.825728,-117.25006,,,0.52
2020,1Q-2020,2,Feb,"LA JOLLA 2.1 SE, CA US",32.825728,-117.25006,,,0.47
2020,1Q-2020,3,Mar,"LA JOLLA 2.1 SE, CA US",32.825728,-117.25006,,,3.89
2020,1Q-2021,1,Jan,"LA JOLLA 2.1 SE, CA US",32.825728,-117.25006,,,0
2020,2Q-2020,4,Apr,"LA JOLLA 2.1 SE, CA US",32.825728,-117.25006,,,5.28
2020,2Q-2020,5,May,"LA JOLLA 2.1 SE, CA US",32.825728,-117.25006,2,0.01,0.02
2020,2Q-2020,6,Jun,"LA JOLLA 2.1 SE, CA US",32.825728,-117.25006,,,0.28
2020,3Q-2020,7,Jul,"LA JOLLA 2.1 SE, CA US",32.825728,-117.25006,,,0
2020,3Q-2020,8,Aug,"LA JOLLA 2.1 SE, CA US",32.825728,-117.25006,,,0
2020,3Q-2020,9,Sep,"LA JOLLA 2.1 SE, CA US",32.825728,-117.25006,,,0
2020,4Q-2019,12,Dec,"LA JOLLA 2.1 SE, CA US",32.825728,-117.25006,,,0
2020,4Q-2020,10,Oct,"LA JOLLA 2.1 SE, CA US",32.825728,-117.25006,,,0
2020,4Q-2020,11,Nov,"LA JOLLA 2.1 SE, CA US",32.825728,-117.25006,,,0.73
2020,4Q-2020,12,Dec,"LA JOLLA 2.1 SE, CA US",32.825728,-117.25006,,,0.57
2021,1Q-2021,1,Jan,"LA JOLLA 2.1 SE, CA US",32.825728,-117.25006,,,1.67
2021,1Q-2021,2,Feb,"LA JOLLA 2.1 SE, CA US",32.825728,-117.25006,,,0.12
2021,1Q-2021,3,Mar,"LA JOLLA 2.1 SE, CA US",32.825728,-117.25006,,,1.41
2019,1Q-2019,1,Jan,"LA JOLLA 2.5SE, CA US",32.825404,-117.23969,,,2.34
2019,1Q-2019,2,Feb,"LA JOLLA 2.5SE, CA US",32.825404,-117.23969,,,3.8
2019,1Q-2019,3,Mar,"LA JOLLA 2.5SE, CA US",32.825404,-117.23969,,,1.63
2019,2Q-2019,5,May,"LA JOLLA 2.5SE, CA US",32.825404,-117.23969,,,0.78
2019,2Q-2019,6,Jun,"LA JOLLA 2.5SE, CA US",32.825404,-117.23969,,,0.02
2019,4Q-2019,11,Nov,"LA JOLLA 2.5SE, CA US",32.825404,-117.23969,,,2.23
2019,4Q-2019,12,Dec,"LA JOLLA 2.5SE, CA US",32.825404,-117.23969,,,0.5
2020,1Q-2020,1,Jan,"LA JOLLA 2.5SE, CA US",32.825404,-117.23969,,,0.48
2020,1Q-2020,2,Feb,"LA JOLLA 2.5SE, CA US",32.825404,-117.23969,,,0.51
2020,1Q-2020,3,Mar,"LA JOLLA 2.5SE, CA US",32.825404,-117.23969,,,2.54
2020,2Q-2020,4,Apr,"LA JOLLA 2.5SE, CA US",32.825404,-117.23969,,,4.41
2020,2Q-2020,6,Jun,"LA JOLLA 2.5SE, CA US",32.825404,-117.23969,,,0.15
2020,4Q-2019,12,Dec,"LA JOLLA 2.5SE, CA US",32.825404,-117.23969,9,2.96,
2020,4Q-2020,11,Nov,"LA JOLLA 2.5SE, CA US",32.825404,-117.23969,,,1.05
2020,4Q-2020,12,Dec,"LA JOLLA 2.5SE, CA US",32.825404,-117.23969,,,0.5
2021,1Q-2021,1,Jan,"LA JOLLA 2.5SE, CA US",32.825404,-117.23969,,,1.33
2021,1Q-2021,3,Mar,"LA JOLLA 2.5SE, CA US",32.825404,-117.23969,,,0.21
2019,1Q-2019,1,Jan,"MID CITY SAN DIEGO 0.5W, CA US",32.7646,-117.0689,,,3.02
2019,1Q-2019,2,Feb,"MID CITY SAN DIEGO 0.5W, CA US",32.7646,-117.0689,,,6.46
2019,1Q-2019,3,Mar,"MID CITY SAN DIEGO 0.5W, CA US",32.7646,-117.0689,2,0.32,0.98
2019,2Q-2019,4,Apr,"MID CITY SAN DIEGO 0.5W, CA US",32.7646,-117.0689,2,0.19,0.15
2019,2Q-2019,5,May,"MID CITY SAN DIEGO 0.5W, CA US",32.7646,-117.0689,8,0.24,1.05
2019,2Q-2019,6,Jun,"MID CITY SAN DIEGO 0.5W, CA US",32.7646,-117.0689,,,0.12
2019,3Q-2019,7,Jul,"MID CITY SAN DIEGO 0.5W, CA US",32.7646,-117.0689,,,0
2019,3Q-2019,8,Aug,"MID CITY SAN DIEGO 0.5W, CA US",32.7646,-117.0689,,,0
2019,3Q-2019,9,Sep,"MID CITY SAN DIEGO 0.5W, CA US",32.7646,-117.0689,,,0.25
2019,4Q-2019,10,Oct,"MID CITY SAN DIEGO 0.5W, CA US",32.7646,-117.0689,,,0
2019,4Q-2019,11,Nov,"MID CITY SAN DIEGO 0.5W, CA US",32.7646,-117.0689,,,3.49
2019,4Q-2019,12,Dec,"MID CITY SAN DIEGO 0.5W, CA US",32.7646,-117.0689,,,4.25
2020,1Q-2020,1,Jan,"MID CITY SAN DIEGO 0.5W, CA US",32.7646,-117.0689,,,0.51
2020,1Q-2020,2,Feb,"MID CITY SAN DIEGO 0.5W, CA US",32.7646,-117.0689,,,0.65
2020,1Q-2020,3,Mar,"MID CITY SAN DIEGO 0.5W, CA US",32.7646,-117.0689,,,4.39
2020,1Q-2021,1,Jan,"MID CITY SAN DIEGO 0.5W, CA US",32.7646,-117.0689,,,0.02
2020,2Q-2020,4,Apr,"MID CITY SAN DIEGO 0.5W, CA US",32.7646,-117.0689,,,5.47
2020,2Q-2020,5,May,"MID CITY SAN DIEGO 0.5W, CA US",32.7646,-117.0689,,,0.01
2020,2Q-2020,6,Jun,"MID CITY SAN DIEGO 0.5W, CA US",32.7646,-117.0689,,,0.45
2020,3Q-2020,7,Jul,"MID CITY SAN DIEGO 0.5W, CA US",32.7646,-117.0689,,,0
2020,3Q-2020,8,Aug,"MID CITY SAN DIEGO 0.5W, CA US",32.7646,-117.0689,,,0
2020,3Q-2020,9,Sep,"MID CITY SAN DIEGO 0.5W, CA US",32.7646,-117.0689,,,0
2020,4Q-2019,12,Dec,"MID CITY SAN DIEGO 0.5W, CA US",32.7646,-117.0689,,,0
2020,4Q-2020,10,Oct,"MID CITY SAN DIEGO 0.5W, CA US",32.7646,-117.0689,,,0.01
2020,4Q-2020,11,Nov,"MID CITY SAN DIEGO 0.5W, CA US",32.7646,-117.0689,,,0.81
2020,4Q-2020,12,Dec,"MID CITY SAN DIEGO 0.5W, CA US",32.7646,-117.0689,,,0.91
2021,1Q-2021,1,Jan,"MID CITY SAN DIEGO 0.5W, CA US",32.7646,-117.0689,,,2.71
2021,1Q-2021,2,Feb,"MID CITY SAN DIEGO 0.5W, CA US",32.7646,-117.0689,,,0.23
2021,1Q-2021,3,Mar,"MID CITY SAN DIEGO 0.5W, CA US",32.7646,-117.0689,,,2.06
2019,1Q-2019,1,Jan,"N CLAIREMONT 0.6SSE, CA US",32.825704,-117.19927,,,2.6
2019,1Q-2019,2,Feb,"N CLAIREMONT 0.6SSE, CA US",32.825704,-117.19927,,,5.07
2019,1Q-2019,3,Mar,"N CLAIREMONT 0.6SSE, CA US",32.825704,-117.19927,,,1.43
2019,2Q-2019,4,Apr,"N CLAIREMONT 0.6SSE, CA US",32.825704,-117.19927,,,0.57
2019,2Q-2019,5,May,"N CLAIREMONT 0.6SSE, CA US",32.825704,-117.19927,2,0.59,0.65
2019,2Q-2019,6,Jun,"N CLAIREMONT 0.6SSE, CA US",32.825704,-117.19927,,,0.06
2019,3Q-2019,7,Jul,"N CLAIREMONT 0.6SSE, CA US",32.825704,-117.19927,,,0.01
2019,3Q-2019,8,Aug,"N CLAIREMONT 0.6SSE, CA US",32.825704,-117.19927,,,0
2019,3Q-2019,9,Sep,"N CLAIREMONT 0.6SSE, CA US",32.825704,-117.19927,,,0.15
2019,4Q-2019,10,Oct,"N CLAIREMONT 0.6SSE, CA US",32.825704,-117.19927,,,0
2019,4Q-2019,11,Nov,"N CLAIREMONT 0.6SSE, CA US",32.825704,-117.19927,,,2.36
2019,4Q-2019,12,Dec,"N CLAIREMONT 0.6SSE, CA US",32.825704,-117.19927,,,3.63
2020,1Q-2020,1,Jan,"N CLAIREMONT 0.6SSE, CA US",32.825704,-117.19927,,,0.5
2020,1Q-2020,2,Feb,"N CLAIREMONT 0.6SSE, CA US",32.825704,-117.19927,,,0.78
2020,1Q-2020,3,Mar,"N CLAIREMONT 0.6SSE, CA US",32.825704,-117.19927,,,3.41
2020,1Q-2021,1,Jan,"N CLAIREMONT 0.6SSE, CA US",32.825704,-117.19927,,,0
2020,2Q-2020,4,Apr,"N CLAIREMONT 0.6SSE, CA US",32.825704,-117.19927,,,5.03
2020,2Q-2020,5,May,"N CLAIREMONT 0.6SSE, CA US",32.825704,-117.19927,,,0.02
2020,2Q-2020,6,Jun,"N CLAIREMONT 0.6SSE, CA US",32.825704,-117.19927,,,0.31
2020,3Q-2020,7,Jul,"N CLAIREMONT 0.6SSE, CA US",32.825704,-117.19927,,,0
2020,3Q-2020,8,Aug,"N CLAIREMONT 0.6SSE, CA US",32.825704,-117.19927,,,0
2020,3Q-2020,9,Sep,"N CLAIREMONT 0.6SSE, CA US",32.825704,-117.19927,,,0
2020,4Q-2019,12,Dec,"N CLAIREMONT 0.6SSE, CA US",32.825704,-117.19927,,,0
2020,4Q-2020,10,Oct,"N CLAIREMONT 0.6SSE, CA US",32.825704,-117.19927,,,0
2020,4Q-2020,11,Nov,"N CLAIREMONT 0.6SSE, CA US",32.825704,-117.19927,,,0.96
2020,4Q-2020,12,Dec,"N CLAIREMONT 0.6SSE, CA US",32.825704,-117.19927,,,0.64
2021,1Q-2021,1,Jan,"N CLAIREMONT 0.6SSE, CA US",32.825704,-117.19927,,,1.99
2021,1Q-2021,2,Feb,"N CLAIREMONT 0.6SSE, CA US",32.825704,-117.19927,,,0.16
2021,1Q-2021,3,Mar,"N CLAIREMONT 0.6SSE, CA US",32.825704,-117.19927,,,1.77
2019,1Q-2019,1,Jan,"NORTH ISLAND NAS, CA US",32.7,-117.2,,,0
2019,1Q-2019,2,Feb,"NORTH ISLAND NAS, CA US",32.7,-117.2,,,0
2019,1Q-2019,3,Mar,"NORTH ISLAND NAS, CA US",32.7,-117.2,,,0
2019,2Q-2019,4,Apr,"NORTH ISLAND NAS, CA US",32.7,-117.2,,,0.07
2019,2Q-2019,5,May,"NORTH ISLAND NAS, CA US",32.7,-117.2,,,0.6
2019,2Q-2019,6,Jun,"NORTH ISLAND NAS, CA US",32.7,-117.2,,,0.02
2019,3Q-2019,7,Jul,"NORTH ISLAND NAS, CA US",32.7,-117.2,,,0
2019,3Q-2019,8,Aug,"NORTH ISLAND NAS, CA US",32.7,-117.2,,,0
2019,3Q-2019,9,Sep,"NORTH ISLAND NAS, CA US",32.7,-117.2,,,0.01
2019,4Q-2019,10,Oct,"NORTH ISLAND NAS, CA US",32.7,-117.2,,,0
2019,4Q-2019,11,Nov,"NORTH ISLAND NAS, CA US",32.7,-117.2,,,2.31
2019,4Q-2019,12,Dec,"NORTH ISLAND NAS, CA US",32.7,-117.2,,,2.62
2020,1Q-2020,1,Jan,"NORTH ISLAND NAS, CA US",32.7,-117.2,,,0.09
2020,1Q-2020,2,Feb,"NORTH ISLAND NAS, CA US",32.7,-117.2,,,0.72
2020,1Q-2020,3,Mar,"NORTH ISLAND NAS, CA US",32.7,-117.2,,,2.06
2020,1Q-2021,1,Jan,"NORTH ISLAND NAS, CA US",32.7,-117.2,,,0
2020,2Q-2020,4,Apr,"NORTH ISLAND NAS, CA US",32.7,-117.2,,,2.08
2020,2Q-2020,5,May,"NORTH ISLAND NAS, CA US",32.7,-117.2,,,0
2020,2Q-2020,6,Jun,"NORTH ISLAND NAS, CA US",32.7,-117.2,,,0.03
2020,3Q-2020,7,Jul,"NORTH ISLAND NAS, CA US",32.7,-117.2,,,0
2020,3Q-2020,8,Aug,"NORTH ISLAND NAS, CA US",32.7,-117.2,,,0
2020,3Q-2020,9,Sep,"NORTH ISLAND NAS, CA US",32.7,-117.2,,,0
2020,4Q-2019,12,Dec,"NORTH ISLAND NAS, CA US",32.7,-117.2,,,0
2020,4Q-2020,10,Oct,"NORTH ISLAND NAS, CA US",32.7,-117.2,,,0
2020,4Q-2020,11,Nov,"NORTH ISLAND NAS, CA US",32.7,-117.2,,,0.35
2020,4Q-2020,12,Dec,"NORTH ISLAND NAS, CA US",32.7,-117.2,,,0.51
2021,1Q-2021,1,Jan,"NORTH ISLAND NAS, CA US",32.7,-117.2,,,1.88
2021,1Q-2021,2,Feb,"NORTH ISLAND NAS, CA US",32.7,-117.2,,,0.09
2021,1Q-2021,3,Mar,"NORTH ISLAND NAS, CA US",32.7,-117.2,,,1.44
2019,1Q-2019,1,Jan,"RANCHO BERNARDO 0.5SE, CA US",33.01838,-117.06664,,,2.88
2019,1Q-2019,2,Feb,"RANCHO BERNARDO 0.5SE, CA US",33.01838,-117.06664,,,8.51
2019,1Q-2019,3,Mar,"RANCHO BERNARDO 0.5SE, CA US",33.01838,-117.06664,,,1.66
2019,2Q-2019,4,Apr,"RANCHO BERNARDO 0.5SE, CA US",33.01838,-117.06664,,,0.31
2019,2Q-2019,5,May,"RANCHO BERNARDO 0.5SE, CA US",33.01838,-117.06664,,,1.35
2019,2Q-2019,6,Jun,"RANCHO BERNARDO 0.5SE, CA US",33.01838,-117.06664,,,0.08
2019,3Q-2019,7,Jul,"RANCHO BERNARDO 0.5SE, CA US",33.01838,-117.06664,,,0
2019,3Q-2019,8,Aug,"RANCHO BERNARDO 0.5SE, CA US",33.01838,-117.06664,,,0
2019,3Q-2019,9,Sep,"RANCHO BERNARDO 0.5SE, CA US",33.01838,-117.06664,,,0.13
2019,4Q-2019,10,Oct,"RANCHO BERNARDO 0.5SE, CA US",33.01838,-117.06664,,,0
2019,4Q-2019,11,Nov,"RANCHO BERNARDO 0.5SE, CA US",33.01838,-117.06664,,,4.38
2019,4Q-2019,12,Dec,"RANCHO BERNARDO 0.5SE, CA US",33.01838,-117.06664,,,4.06
2020,1Q-2020,1,Jan,"RANCHO BERNARDO 0.5SE, CA US",33.01838,-117.06664,,,0.44
2020,1Q-2020,2,Feb,"RANCHO BERNARDO 0.5SE, CA US",33.01838,-117.06664,,,1.22
2020,1Q-2020,3,Mar,"RANCHO BERNARDO 0.5SE, CA US",33.01838,-117.06664,,,5.34
2020,1Q-2021,1,Jan,"RANCHO BERNARDO 0.5SE, CA US",33.01838,-117.06664,,,0
2020,2Q-2020,4,Apr,"RANCHO BERNARDO 0.5SE, CA US",33.01838,-117.06664,,,5.78
2020,2Q-2020,5,May,"RANCHO BERNARDO 0.5SE, CA US",33.01838,-117.06664,,,0.15
2020,2Q-2020,6,Jun,"RANCHO BERNARDO 0.5SE, CA US",33.01838,-117.06664,,,0.21
2020,3Q-2020,7,Jul,"RANCHO BERNARDO 0.5SE, CA US",33.01838,-117.06664,,,0
2020,3Q-2020,8,Aug,"RANCHO BERNARDO 0.5SE, CA US",33.01838,-117.06664,,,0
2020,3Q-2020,9,Sep,"RANCHO BERNARDO 0.5SE, CA US",33.01838,-117.06664,,,0
2020,4Q-2019,12,Dec,"RANCHO BERNARDO 0.5SE, CA US",33.01838,-117.06664,,,0
2020,4Q-2020,10,Oct,"RANCHO BERNARDO 0.5SE, CA US",33.01838,-117.06664,,,0.05
2020,4Q-2020,11,Nov,"RANCHO BERNARDO 0.5SE, CA US",33.01838,-117.06664,,,0.78
2020,4Q-2020,12,Dec,"RANCHO BERNARDO 0.5SE, CA US",33.01838,-117.06664,,,0.97
2021,1Q-2021,1,Jan,"RANCHO BERNARDO 0.5SE, CA US",33.01838,-117.06664,,,2.59
2021,1Q-2021,2,Feb,"RANCHO BERNARDO 0.5SE, CA US",33.01838,-117.06664,,,0.17
2021,1Q-2021,3,Mar,"RANCHO BERNARDO 0.5SE, CA US",33.01838,-117.06664,,,1.92
2019,1Q-2019,1,Jan,"RANCHO BERNARDO 1.9WSW, CA US",33.013895,-117.10621,,,2.57
2019,1Q-2019,2,Feb,"RANCHO BERNARDO 1.9WSW, CA US",33.013895,-117.10621,,,7.45
2019,1Q-2019,3,Mar,"RANCHO BERNARDO 1.9WSW, CA US",33.013895,-117.10621,3,0.49,0.9
2019,2Q-2019,4,Apr,"RANCHO BERNARDO 1.9WSW, CA US",33.013895,-117.10621,3,0.52,
2019,2Q-2019,5,May,"RANCHO BERNARDO 1.9WSW, CA US",33.013895,-117.10621,9,0.4,0.75
2019,2Q-2019,6,Jun,"RANCHO BERNARDO 1.9WSW, CA US",33.013895,-117.10621,,,0.13
2019,3Q-2019,9,Sep,"RANCHO BERNARDO 1.9WSW, CA US",33.013895,-117.10621,,,0
2019,4Q-2019,11,Nov,"RANCHO BERNARDO 1.9WSW, CA US",33.013895,-117.10621,4,1.97,2.03
2019,4Q-2019,12,Dec,"RANCHO BERNARDO 1.9WSW, CA US",33.013895,-117.10621,3,0.09,3.87
2020,1Q-2020,1,Jan,"RANCHO BERNARDO 1.9WSW, CA US",33.013895,-117.10621,,,0.18
2020,1Q-2020,2,Feb,"RANCHO BERNARDO 1.9WSW, CA US",33.013895,-117.10621,,,0.76
2020,1Q-2020,3,Mar,"RANCHO BERNARDO 1.9WSW, CA US",33.013895,-117.10621,,,5.41
2020,2Q-2020,4,Apr,"RANCHO BERNARDO 1.9WSW, CA US",33.013895,-117.10621,,,5.51
2020,2Q-2020,5,May,"RANCHO BERNARDO 1.9WSW, CA US",33.013895,-117.10621,,,0.11
2020,2Q-2020,6,Jun,"RANCHO BERNARDO 1.9WSW, CA US",33.013895,-117.10621,,,0.16
2020,4Q-2020,10,Oct,"RANCHO BERNARDO 1.9WSW, CA US",33.013895,-117.10621,,,0.05
2020,4Q-2020,11,Nov,"RANCHO BERNARDO 1.9WSW, CA US",33.013895,-117.10621,,,0.79
2020,4Q-2020,12,Dec,"RANCHO BERNARDO 1.9WSW, CA US",33.013895,-117.10621,,,0.94
2021,1Q-2021,1,Jan,"RANCHO BERNARDO 1.9WSW, CA US",33.013895,-117.10621,3,0.6,1.93
2021,1Q-2021,2,Feb,"RANCHO BERNARDO 1.9WSW, CA US",33.013895,-117.10621,,,0.11
2021,1Q-2021,3,Mar,"RANCHO BERNARDO 1.9WSW, CA US",33.013895,-117.10621,,,1.76
2019,1Q-2019,1,Jan,"RANCHO BERNARDO, CA US",33.0216,-117.0813,,,2.96
2019,1Q-2019,2,Feb,"RANCHO BERNARDO, CA US",33.0216,-117.0813,,,7.22
2019,1Q-2019,3,Mar,"RANCHO BERNARDO, CA US",33.0216,-117.0813,,,1.71
2019,2Q-2019,4,Apr,"RANCHO BERNARDO, CA US",33.0216,-117.0813,,,0.35
2019,2Q-2019,5,May,"RANCHO BERNARDO, CA US",33.0216,-117.0813,,,1.02
2019,2Q-2019,6,Jun,"RANCHO BERNARDO, CA US",33.0216,-117.0813,,,0.04
2019,3Q-2019,7,Jul,"RANCHO BERNARDO, CA US",33.0216,-117.0813,,,0
2019,3Q-2019,8,Aug,"RANCHO BERNARDO, CA US",33.0216,-117.0813,,,0
2019,3Q-2019,9,Sep,"RANCHO BERNARDO, CA US",33.0216,-117.0813,,,0.36
2019,4Q-2019,10,Oct,"RANCHO BERNARDO, CA US",33.0216,-117.0813,,,0
2019,4Q-2019,11,Nov,"RANCHO BERNARDO, CA US",33.0216,-117.0813,,,4.19
2019,4Q-2019,12,Dec,"RANCHO BERNARDO, CA US",33.0216,-117.0813,,,4.48
2020,1Q-2020,1,Jan,"RANCHO BERNARDO, CA US",33.0216,-117.0813,,,0.37
2020,1Q-2020,2,Feb,"RANCHO BERNARDO, CA US",33.0216,-117.0813,,,0.88
2020,1Q-2020,3,Mar,"RANCHO BERNARDO, CA US",33.0216,-117.0813,,,5.39
2020,1Q-2021,1,Jan,"RANCHO BERNARDO, CA US",33.0216,-117.0813,,,0
2020,2Q-2020,4,Apr,"RANCHO BERNARDO, CA US",33.0216,-117.0813,,,6.13
2020,2Q-2020,5,May,"RANCHO BERNARDO, CA US",33.0216,-117.0813,,,0.03
2020,2Q-2020,6,Jun,"RANCHO BERNARDO, CA US",33.0216,-117.0813,,,0.11
2020,3Q-2020,7,Jul,"RANCHO BERNARDO, CA US",33.0216,-117.0813,,,0
2020,3Q-2020,8,Aug,"RANCHO BERNARDO, CA US",33.0216,-117.0813,,,0
2020,3Q-2020,9,Sep,"RANCHO BERNARDO, CA US",33.0216,-117.0813,,,0
2020,4Q-2019,12,Dec,"RANCHO BERNARDO, CA US",33.0216,-117.0813,,,0
2020,4Q-2020,10,Oct,"RANCHO BERNARDO, CA US",33.0216,-117.0813,,,0.07
2020,4Q-2020,11,Nov,"RANCHO BERNARDO, CA US",33.0216,-117.0813,,,0.84
2020,4Q-2020,12,Dec,"RANCHO BERNARDO, CA US",33.0216,-117.0813,,,0.93
2021,1Q-2021,1,Jan,"RANCHO BERNARDO, CA US",33.0216,-117.0813,,,2.59
2021,1Q-2021,2,Feb,"RANCHO BERNARDO, CA US",33.0216,-117.0813,,,0.17
2019,1Q-2019,1,Jan,"SAN DIEGO 1.8NE, CA US",32.722108,-117.13267,9,0.9,2.57
2019,1Q-2019,2,Feb,"SAN DIEGO 1.8NE, CA US",32.722108,-117.13267,5,0.27,4.72
2019,1Q-2019,3,Mar,"SAN DIEGO 1.8NE, CA US",32.722108,-117.13267,6,0.88,0.91
2019,2Q-2019,4,Apr,"SAN DIEGO 1.8NE, CA US",32.722108,-117.13267,2,0.06,0.34
2019,2Q-2019,5,May,"SAN DIEGO 1.8NE, CA US",32.722108,-117.13267,2,0.08,1.34
2019,2Q-2019,6,Jun,"SAN DIEGO 1.8NE, CA US",32.722108,-117.13267,2,,0.08
2019,3Q-2019,7,Jul,"SAN DIEGO 1.8NE, CA US",32.722108,-117.13267,2,,0
2019,3Q-2019,8,Aug,"SAN DIEGO 1.8NE, CA US",32.722108,-117.13267,,,0
2019,3Q-2019,9,Sep,"SAN DIEGO 1.8NE, CA US",32.722108,-117.13267,,,0.13
2019,4Q-2019,10,Oct,"SAN DIEGO 1.8NE, CA US",32.722108,-117.13267,,,0
2019,4Q-2019,11,Nov,"SAN DIEGO 1.8NE, CA US",32.722108,-117.13267,,,1.06
2019,4Q-2019,12,Dec,"SAN DIEGO 1.8NE, CA US",32.722108,-117.13267,5,2.09,2.9
2020,1Q-2020,1,Jan,"SAN DIEGO 1.8NE, CA US",32.722108,-117.13267,10,1.24,0.69
2020,1Q-2020,2,Feb,"SAN DIEGO 1.8NE, CA US",32.722108,-117.13267,2,0,0.91
2020,1Q-2020,3,Mar,"SAN DIEGO 1.8NE, CA US",32.722108,-117.13267,,,3.14
2020,1Q-2021,1,Jan,"SAN DIEGO 1.8NE, CA US",32.722108,-117.13267,9,0.64,0
2020,2Q-2020,4,Apr,"SAN DIEGO 1.8NE, CA US",32.722108,-117.13267,,,4.66
2020,2Q-2020,5,May,"SAN DIEGO 1.8NE, CA US",32.722108,-117.13267,,,0.05
2020,2Q-2020,6,Jun,"SAN DIEGO 1.8NE, CA US",32.722108,-117.13267,,,0.29
2020,3Q-2020,7,Jul,"SAN DIEGO 1.8NE, CA US",32.722108,-117.13267,,,0
2020,3Q-2020,8,Aug,"SAN DIEGO 1.8NE, CA US",32.722108,-117.13267,,,0
2020,3Q-2020,9,Sep,"SAN DIEGO 1.8NE, CA US",32.722108,-117.13267,,,0
2020,4Q-2020,10,Oct,"SAN DIEGO 1.8NE, CA US",32.722108,-117.13267,,,0.09
2020,4Q-2020,11,Nov,"SAN DIEGO 1.8NE, CA US",32.722108,-117.13267,,,0.33
2020,4Q-2020,12,Dec,"SAN DIEGO 1.8NE, CA US",32.722108,-117.13267,,,0.07
2021,1Q-2021,1,Jan,"SAN DIEGO 1.8NE, CA US",32.722108,-117.13267,,,2.56
2021,1Q-2021,2,Feb,"SAN DIEGO 1.8NE, CA US",32.722108,-117.13267,,,0.23
2021,1Q-2021,3,Mar,"SAN DIEGO 1.8NE, CA US",32.722108,-117.13267,,,1.64
2019,1Q-2019,1,Jan,"SAN DIEGO 1.9 W, CA US",32.81391,-117.16925,,,2.16
2019,1Q-2019,2,Feb,"SAN DIEGO 1.9 W, CA US",32.81391,-117.16925,,,6.63
2019,1Q-2019,3,Mar,"SAN DIEGO 1.9 W, CA US",32.81391,-117.16925,,,1.45
2019,2Q-2019,4,Apr,"SAN DIEGO 1.9 W, CA US",32.81391,-117.16925,,,0.27
2019,2Q-2019,5,May,"SAN DIEGO 1.9 W, CA US",32.81391,-117.16925,,,1.38
2019,2Q-2019,6,Jun,"SAN DIEGO 1.9 W, CA US",32.81391,-117.16925,,,0.05
2019,3Q-2019,7,Jul,"SAN DIEGO 1.9 W, CA US",32.81391,-117.16925,,,0.04
2019,3Q-2019,8,Aug,"SAN DIEGO 1.9 W, CA US",32.81391,-117.16925,,,0
2019,3Q-2019,9,Sep,"SAN DIEGO 1.9 W, CA US",32.81391,-117.16925,,,0.08
2019,4Q-2019,10,Oct,"SAN DIEGO 1.9 W, CA US",32.81391,-117.16925,,,0
2019,4Q-2019,11,Nov,"SAN DIEGO 1.9 W, CA US",32.81391,-117.16925,,,2.89
2019,4Q-2019,12,Dec,"SAN DIEGO 1.9 W, CA US",32.81391,-117.16925,,,3.26
2020,1Q-2020,1,Jan,"SAN DIEGO 1.9 W, CA US",32.81391,-117.16925,,,0.46
2020,1Q-2020,2,Feb,"SAN DIEGO 1.9 W, CA US",32.81391,-117.16925,,,0.63
2020,1Q-2020,3,Mar,"SAN DIEGO 1.9 W, CA US",32.81391,-117.16925,,,3.33
2020,1Q-2021,1,Jan,"SAN DIEGO 1.9 W, CA US",32.81391,-117.16925,,,0
2020,2Q-2020,4,Apr,"SAN DIEGO 1.9 W, CA US",32.81391,-117.16925,,,6.47
2020,2Q-2020,5,May,"SAN DIEGO 1.9 W, CA US",32.81391,-117.16925,,,0.02
2020,2Q-2020,6,Jun,"SAN DIEGO 1.9 W, CA US",32.81391,-117.16925,,,0.29
2020,3Q-2020,7,Jul,"SAN DIEGO 1.9 W, CA US",32.81391,-117.16925,,,0
2020,3Q-2020,8,Aug,"SAN DIEGO 1.9 W, CA US",32.81391,-117.16925,,,0
2020,3Q-2020,9,Sep,"SAN DIEGO 1.9 W, CA US",32.81391,-117.16925,,,0
2020,4Q-2019,12,Dec,"SAN DIEGO 1.9 W, CA US",32.81391,-117.16925,,,0
2020,4Q-2020,10,Oct,"SAN DIEGO 1.9 W, CA US",32.81391,-117.16925,,,0
2020,4Q-2020,11,Nov,"SAN DIEGO 1.9 W, CA US",32.81391,-117.16925,,,1.16
2020,4Q-2020,12,Dec,"SAN DIEGO 1.9 W, CA US",32.81391,-117.16925,,,0.63
2021,1Q-2021,1,Jan,"SAN DIEGO 1.9 W, CA US",32.81391,-117.16925,,,2.82
2021,1Q-2021,2,Feb,"SAN DIEGO 1.9 W, CA US",32.81391,-117.16925,,,0.17
2021,1Q-2021,3,Mar,"SAN DIEGO 1.9 W, CA US",32.81391,-117.16925,,,1.84
2019,1Q-2019,1,Jan,"SAN DIEGO 10.2 NNW, CA US",32.93914,-117.22924,,,1.82
2019,1Q-2019,2,Feb,"SAN DIEGO 10.2 NNW, CA US",32.93914,-117.22924,,,5.6
2019,1Q-2019,3,Mar,"SAN DIEGO 10.2 NNW, CA US",32.93914,-117.22924,,,0.92
2019,2Q-2019,4,Apr,"SAN DIEGO 10.2 NNW, CA US",32.93914,-117.22924,,,0.25
2019,2Q-2019,5,May,"SAN DIEGO 10.2 NNW, CA US",32.93914,-117.22924,,,0.4
2019,4Q-2019,11,Nov,"SAN DIEGO 10.2 NNW, CA US",32.93914,-117.22924,,,2.44
2019,4Q-2019,12,Dec,"SAN DIEGO 10.2 NNW, CA US",32.93914,-117.22924,,,0.86
2020,1Q-2020,2,Feb,"SAN DIEGO 10.2 NNW, CA US",32.93914,-117.22924,,,0.2
2020,1Q-2020,3,Mar,"SAN DIEGO 10.2 NNW, CA US",32.93914,-117.22924,,,3.11
2020,2Q-2020,4,Apr,"SAN DIEGO 10.2 NNW, CA US",32.93914,-117.22924,,,3.45
2020,4Q-2020,10,Oct,"SAN DIEGO 10.2 NNW, CA US",32.93914,-117.22924,,,0.04
2020,4Q-2020,11,Nov,"SAN DIEGO 10.2 NNW, CA US",32.93914,-117.22924,,,0.53
2020,4Q-2020,12,Dec,"SAN DIEGO 10.2 NNW, CA US",32.93914,-117.22924,,,0.49
2021,1Q-2021,1,Jan,"SAN DIEGO 10.2 NNW, CA US",32.93914,-117.22924,,,2.06
2019,1Q-2019,1,Jan,"SAN DIEGO 13.9N, CA US",32.917304,-117.16262,,,2.18
2019,1Q-2019,2,Feb,"SAN DIEGO 13.9N, CA US",32.917304,-117.16262,,,7.75
2019,1Q-2019,3,Mar,"SAN DIEGO 13.9N, CA US",32.917304,-117.16262,,,1.27
2019,2Q-2019,4,Apr,"SAN DIEGO 13.9N, CA US",32.917304,-117.16262,,,0.32
2019,2Q-2019,5,May,"SAN DIEGO 13.9N, CA US",32.917304,-117.16262,,,1.15
2019,2Q-2019,6,Jun,"SAN DIEGO 13.9N, CA US",32.917304,-117.16262,,,0.03
2019,3Q-2019,7,Jul,"SAN DIEGO 13.9N, CA US",32.917304,-117.16262,,,0.05
2019,3Q-2019,8,Aug,"SAN DIEGO 13.9N, CA US",32.917304,-117.16262,,,0
2019,3Q-2019,9,Sep,"SAN DIEGO 13.9N, CA US",32.917304,-117.16262,,,0.18
2019,4Q-2019,10,Oct,"SAN DIEGO 13.9N, CA US",32.917304,-117.16262,,,0
2019,4Q-2019,11,Nov,"SAN DIEGO 13.9N, CA US",32.917304,-117.16262,,,4.7
2019,4Q-2019,12,Dec,"SAN DIEGO 13.9N, CA US",32.917304,-117.16262,,,4.16
2020,1Q-2020,1,Jan,"SAN DIEGO 13.9N, CA US",32.917304,-117.16262,,,0.34
2020,1Q-2020,2,Feb,"SAN DIEGO 13.9N, CA US",32.917304,-117.16262,,,1.47
2020,1Q-2020,3,Mar,"SAN DIEGO 13.9N, CA US",32.917304,-117.16262,,,5.07
2020,1Q-2021,1,Jan,"SAN DIEGO 13.9N, CA US",32.917304,-117.16262,,,0
2020,2Q-2020,4,Apr,"SAN DIEGO 13.9N, CA US",32.917304,-117.16262,,,4.99
2020,2Q-2020,5,May,"SAN DIEGO 13.9N, CA US",32.917304,-117.16262,,,0
2020,2Q-2020,6,Jun,"SAN DIEGO 13.9N, CA US",32.917304,-117.16262,,,0.17
2020,3Q-2020,7,Jul,"SAN DIEGO 13.9N, CA US",32.917304,-117.16262,,,0
2020,3Q-2020,8,Aug,"SAN DIEGO 13.9N, CA US",32.917304,-117.16262,,,0
2020,3Q-2020,9,Sep,"SAN DIEGO 13.9N, CA US",32.917304,-117.16262,,,0
2020,4Q-2019,12,Dec,"SAN DIEGO 13.9N, CA US",32.917304,-117.16262,,,0
2020,4Q-2020,10,Oct,"SAN DIEGO 13.9N, CA US",32.917304,-117.16262,,,0.03
2020,4Q-2020,11,Nov,"SAN DIEGO 13.9N, CA US",32.917304,-117.16262,,,0.82
2020,4Q-2020,12,Dec,"SAN DIEGO 13.9N, CA US",32.917304,-117.16262,,,0.87
2021,1Q-2021,1,Jan,"SAN DIEGO 13.9N, CA US",32.917304,-117.16262,,,2.25
2021,1Q-2021,2,Feb,"SAN DIEGO 13.9N, CA US",32.917304,-117.16262,,,0.21
2021,1Q-2021,3,Mar,"SAN DIEGO 13.9N, CA US",32.917304,-117.16262,,,1.18
2019,1Q-2019,1,Jan,"SAN DIEGO 3.5 ENE, CA US",32.827604,-117.07784,6,1.46,1.81
2019,1Q-2019,2,Feb,"SAN DIEGO 3.5 ENE, CA US",32.827604,-117.07784,,,6.05
2019,1Q-2019,3,Mar,"SAN DIEGO 3.5 ENE, CA US",32.827604,-117.07784,5,0.24,1.07
2019,2Q-2019,4,Apr,"SAN DIEGO 3.5 ENE, CA US",32.827604,-117.07784,,,0.3
2019,2Q-2019,5,May,"SAN DIEGO 3.5 ENE, CA US",32.827604,-117.07784,,,1.25
2019,2Q-2019,6,Jun,"SAN DIEGO 3.5 ENE, CA US",32.827604,-117.07784,,,0.1
2019,3Q-2019,7,Jul,"SAN DIEGO 3.5 ENE, CA US",32.827604,-117.07784,,,0
2019,3Q-2019,8,Aug,"SAN DIEGO 3.5 ENE, CA US",32.827604,-117.07784,,,0
2019,3Q-2019,9,Sep,"SAN DIEGO 3.5 ENE, CA US",32.827604,-117.07784,,,0.09
2019,4Q-2019,10,Oct,"SAN DIEGO 3.5 ENE, CA US",32.827604,-117.07784,,,0
2019,4Q-2019,11,Nov,"SAN DIEGO 3.5 ENE, CA US",32.827604,-117.07784,,,0.94
2019,4Q-2019,12,Dec,"SAN DIEGO 3.5 ENE, CA US",32.827604,-117.07784,10,3.62,2.76
2020,1Q-2020,1,Jan,"SAN DIEGO 3.5 ENE, CA US",32.827604,-117.07784,,,0.4
2020,1Q-2020,2,Feb,"SAN DIEGO 3.5 ENE, CA US",32.827604,-117.07784,,,0.68
2020,1Q-2020,3,Mar,"SAN DIEGO 3.5 ENE, CA US",32.827604,-117.07784,,,4.3
2020,1Q-2021,1,Jan,"SAN DIEGO 3.5 ENE, CA US",32.827604,-117.07784,,,0
2020,2Q-2020,4,Apr,"SAN DIEGO 3.5 ENE, CA US",32.827604,-117.07784,,,5.51
2020,2Q-2020,5,May,"SAN DIEGO 3.5 ENE, CA US",32.827604,-117.07784,,,0.02
2020,2Q-2020,6,Jun,"SAN DIEGO 3.5 ENE, CA US",32.827604,-117.07784,,,0.3
2020,3Q-2020,7,Jul,"SAN DIEGO 3.5 ENE, CA US",32.827604,-117.07784,,,0
2020,3Q-2020,8,Aug,"SAN DIEGO 3.5 ENE, CA US",32.827604,-117.07784,,,0
2020,3Q-2020,9,Sep,"SAN DIEGO 3.5 ENE, CA US",32.827604,-117.07784,,,0
2020,4Q-2019,12,Dec,"SAN DIEGO 3.5 ENE, CA US",32.827604,-117.07784,,,0
2020,4Q-2020,10,Oct,"SAN DIEGO 3.5 ENE, CA US",32.827604,-117.07784,,,0.02
2020,4Q-2020,11,Nov,"SAN DIEGO 3.5 ENE, CA US",32.827604,-117.07784,,,0.6
2020,4Q-2020,12,Dec,"SAN DIEGO 3.5 ENE, CA US",32.827604,-117.07784,,,0.89
2021,1Q-2021,1,Jan,"SAN DIEGO 3.5 ENE, CA US",32.827604,-117.07784,,,2.13
2021,1Q-2021,2,Feb,"SAN DIEGO 3.5 ENE, CA US",32.827604,-117.07784,,,0.18
2021,1Q-2021,3,Mar,"SAN DIEGO 3.5 ENE, CA US",32.827604,-117.07784,,,1.99
2019,1Q-2019,1,Jan,"SAN DIEGO 3.5NE, CA US",32.746514,-117.10979,,,3.31
2019,1Q-2019,2,Feb,"SAN DIEGO 3.5NE, CA US",32.746514,-117.10979,,,5.56
2019,1Q-2019,3,Mar,"SAN DIEGO 3.5NE, CA US",32.746514,-117.10979,,,1.51
2019,2Q-2019,4,Apr,"SAN DIEGO 3.5NE, CA US",32.746514,-117.10979,,,0.28
2019,2Q-2019,5,May,"SAN DIEGO 3.5NE, CA US",32.746514,-117.10979,,,1.64
2019,2Q-2019,6,Jun,"SAN DIEGO 3.5NE, CA US",32.746514,-117.10979,,,0.07
2019,3Q-2019,7,Jul,"SAN DIEGO 3.5NE, CA US",32.746514,-117.10979,,,0
2019,3Q-2019,8,Aug,"SAN DIEGO 3.5NE, CA US",32.746514,-117.10979,,,0
2019,3Q-2019,9,Sep,"SAN DIEGO 3.5NE, CA US",32.746514,-117.10979,,,0.11
2019,4Q-2019,10,Oct,"SAN DIEGO 3.5NE, CA US",32.746514,-117.10979,,,0
2019,4Q-2019,11,Nov,"SAN DIEGO 3.5NE, CA US",32.746514,-117.10979,,,3.41
2019,4Q-2019,12,Dec,"SAN DIEGO 3.5NE, CA US",32.746514,-117.10979,,,4.43
2020,1Q-2020,1,Jan,"SAN DIEGO 3.5NE, CA US",32.746514,-117.10979,,,0.63
2020,1Q-2020,2,Feb,"SAN DIEGO 3.5NE, CA US",32.746514,-117.10979,,,0.83
2020,1Q-2020,3,Mar,"SAN DIEGO 3.5NE, CA US",32.746514,-117.10979,,,3.18
2020,1Q-2021,1,Jan,"SAN DIEGO 3.5NE, CA US",32.746514,-117.10979,,,0
2020,2Q-2020,4,Apr,"SAN DIEGO 3.5NE, CA US",32.746514,-117.10979,,,6.24
2020,2Q-2020,5,May,"SAN DIEGO 3.5NE, CA US",32.746514,-117.10979,,,0.02
2020,2Q-2020,6,Jun,"SAN DIEGO 3.5NE, CA US",32.746514,-117.10979,,,0.5
2020,3Q-2020,7,Jul,"SAN DIEGO 3.5NE, CA US",32.746514,-117.10979,,,0
2020,3Q-2020,8,Aug,"SAN DIEGO 3.5NE, CA US",32.746514,-117.10979,,,0
2020,3Q-2020,9,Sep,"SAN DIEGO 3.5NE, CA US",32.746514,-117.10979,,,0
2020,4Q-2019,12,Dec,"SAN DIEGO 3.5NE, CA US",32.746514,-117.10979,,,0
2020,4Q-2020,10,Oct,"SAN DIEGO 3.5NE, CA US",32.746514,-117.10979,,,0
2020,4Q-2020,11,Nov,"SAN DIEGO 3.5NE, CA US",32.746514,-117.10979,,,0.42
2020,4Q-2020,12,Dec,"SAN DIEGO 3.5NE, CA US",32.746514,-117.10979,,,0.9
2021,1Q-2021,1,Jan,"SAN DIEGO 3.5NE, CA US",32.746514,-117.10979,,,2.44
2021,1Q-2021,2,Feb,"SAN DIEGO 3.5NE, CA US",32.746514,-117.10979,,,0.19
2021,1Q-2021,3,Mar,"SAN DIEGO 3.5NE, CA US",32.746514,-117.10979,,,1.9
2019,1Q-2019,1,Jan,"SAN DIEGO 5.2WNW, CA US",32.734805,-117.24466,,,2.03
2019,1Q-2019,2,Feb,"SAN DIEGO 5.2WNW, CA US",32.734805,-117.24466,,,4.82
2019,1Q-2019,3,Mar,"SAN DIEGO 5.2WNW, CA US",32.734805,-117.24466,,,1.49
2019,2Q-2019,4,Apr,"SAN DIEGO 5.2WNW, CA US",32.734805,-117.24466,,,0.45
2019,2Q-2019,5,May,"SAN DIEGO 5.2WNW, CA US",32.734805,-117.24466,,,1.06
2019,2Q-2019,6,Jun,"SAN DIEGO 5.2WNW, CA US",32.734805,-117.24466,,,0.07
2019,3Q-2019,7,Jul,"SAN DIEGO 5.2WNW, CA US",32.734805,-117.24466,,,0.08
2019,3Q-2019,8,Aug,"SAN DIEGO 5.2WNW, CA US",32.734805,-117.24466,,,0
2019,3Q-2019,9,Sep,"SAN DIEGO 5.2WNW, CA US",32.734805,-117.24466,,,0.01
2019,4Q-2019,10,Oct,"SAN DIEGO 5.2WNW, CA US",32.734805,-117.24466,,,0.03
2019,4Q-2019,11,Nov,"SAN DIEGO 5.2WNW, CA US",32.734805,-117.24466,,,3.23
2019,4Q-2019,12,Dec,"SAN DIEGO 5.2WNW, CA US",32.734805,-117.24466,,,4.3
2020,1Q-2020,1,Jan,"SAN DIEGO 5.2WNW, CA US",32.734805,-117.24466,,,0.53
2020,1Q-2020,2,Feb,"SAN DIEGO 5.2WNW, CA US",32.734805,-117.24466,,,1.29
2020,1Q-2020,3,Mar,"SAN DIEGO 5.2WNW, CA US",32.734805,-117.24466,,,2.58
2020,1Q-2021,1,Jan,"SAN DIEGO 5.2WNW, CA US",32.734805,-117.24466,,,0.03
2020,2Q-2020,4,Apr,"SAN DIEGO 5.2WNW, CA US",32.734805,-117.24466,,,3.95
2020,2Q-2020,5,May,"SAN DIEGO 5.2WNW, CA US",32.734805,-117.24466,,,0.06
2020,2Q-2020,6,Jun,"SAN DIEGO 5.2WNW, CA US",32.734805,-117.24466,,,0.3
2020,3Q-2020,7,Jul,"SAN DIEGO 5.2WNW, CA US",32.734805,-117.24466,,,0
2020,3Q-2020,8,Aug,"SAN DIEGO 5.2WNW, CA US",32.734805,-117.24466,,,0
2020,3Q-2020,9,Sep,"SAN DIEGO 5.2WNW, CA US",32.734805,-117.24466,,,0.03
2020,4Q-2019,12,Dec,"SAN DIEGO 5.2WNW, CA US",32.734805,-117.24466,,,0
2020,4Q-2020,10,Oct,"SAN DIEGO 5.2WNW, CA US",32.734805,-117.24466,,,0.03
2020,4Q-2020,11,Nov,"SAN DIEGO 5.2WNW, CA US",32.734805,-117.24466,,,0.33
2020,4Q-2020,12,Dec,"SAN DIEGO 5.2WNW, CA US",32.734805,-117.24466,,,0.7
2021,1Q-2021,1,Jan,"SAN DIEGO 5.2WNW, CA US",32.734805,-117.24466,,,2.25
2021,1Q-2021,2,Feb,"SAN DIEGO 5.2WNW, CA US",32.734805,-117.24466,,,0.08
2021,1Q-2021,3,Mar,"SAN DIEGO 5.2WNW, CA US",32.734805,-117.24466,,,1.82
2019,1Q-2019,1,Jan,"SAN DIEGO 7.6 SE, CA US",32.72399,-117.06168,4,0,1.19
2019,1Q-2019,2,Feb,"SAN DIEGO 7.6 SE, CA US",32.72399,-117.06168,,,5.69
2019,1Q-2019,3,Mar,"SAN DIEGO 7.6 SE, CA US",32.72399,-117.06168,4,0.41,1.32
2019,2Q-2019,4,Apr,"SAN DIEGO 7.6 SE, CA US",32.72399,-117.06168,3,0.02,0.28
2019,2Q-2019,5,May,"SAN DIEGO 7.6 SE, CA US",32.72399,-117.06168,,,1.27
2019,2Q-2019,6,Jun,"SAN DIEGO 7.6 SE, CA US",32.72399,-117.06168,9,0.14,0.05
2019,3Q-2019,9,Sep,"SAN DIEGO 7.6 SE, CA US",32.72399,-117.06168,,,0.09
2019,4Q-2019,11,Nov,"SAN DIEGO 7.6 SE, CA US",32.72399,-117.06168,,,4.18
2019,4Q-2019,12,Dec,"SAN DIEGO 7.6 SE, CA US",32.72399,-117.06168,,,3.72
2020,1Q-2020,1,Jan,"SAN DIEGO 7.6 SE, CA US",32.72399,-117.06168,,,0.53
2020,1Q-2020,2,Feb,"SAN DIEGO 7.6 SE, CA US",32.72399,-117.06168,,,0.42
2020,1Q-2020,3,Mar,"SAN DIEGO 7.6 SE, CA US",32.72399,-117.06168,,,4.47
2020,2Q-2020,4,Apr,"SAN DIEGO 7.6 SE, CA US",32.72399,-117.06168,,,5.02
2020,2Q-2020,6,Jun,"SAN DIEGO 7.6 SE, CA US",32.72399,-117.06168,,,0.37
2020,4Q-2020,11,Nov,"SAN DIEGO 7.6 SE, CA US",32.72399,-117.06168,,,0.47
2020,4Q-2020,12,Dec,"SAN DIEGO 7.6 SE, CA US",32.72399,-117.06168,,,0.7
2021,1Q-2021,1,Jan,"SAN DIEGO 7.6 SE, CA US",32.72399,-117.06168,,,2.43
2021,1Q-2021,2,Feb,"SAN DIEGO 7.6 SE, CA US",32.72399,-117.06168,,,0.27
2021,1Q-2021,3,Mar,"SAN DIEGO 7.6 SE, CA US",32.72399,-117.06168,,,1.85
2019,1Q-2019,1,Jan,"SAN DIEGO 7.8 SW, CA US",32.750214,-117.24564,,,2.56
2019,1Q-2019,2,Feb,"SAN DIEGO 7.8 SW, CA US",32.750214,-117.24564,6,2.5,1.11
2019,1Q-2019,3,Mar,"SAN DIEGO 7.8 SW, CA US",32.750214,-117.24564,,,1.31
2019,2Q-2019,4,Apr,"SAN DIEGO 7.8 SW, CA US",32.750214,-117.24564,,,0.37
2019,2Q-2019,5,May,"SAN DIEGO 7.8 SW, CA US",32.750214,-117.24564,,,0.44
2019,2Q-2019,6,Jun,"SAN DIEGO 7.8 SW, CA US",32.750214,-117.24564,,,0
2019,3Q-2019,7,Jul,"SAN DIEGO 7.8 SW, CA US",32.750214,-117.24564,,,0.06
2019,3Q-2019,8,Aug,"SAN DIEGO 7.8 SW, CA US",32.750214,-117.24564,,,0
2019,3Q-2019,9,Sep,"SAN DIEGO 7.8 SW, CA US",32.750214,-117.24564,,,0
2019,4Q-2019,10,Oct,"SAN DIEGO 7.8 SW, CA US",32.750214,-117.24564,,,0
2019,4Q-2019,11,Nov,"SAN DIEGO 7.8 SW, CA US",32.750214,-117.24564,3,2.12,0.95
2019,4Q-2019,12,Dec,"SAN DIEGO 7.8 SW, CA US",32.750214,-117.24564,4,0.22,3.8
2020,1Q-2020,1,Jan,"SAN DIEGO 7.8 SW, CA US",32.750214,-117.24564,,,0.22
2020,1Q-2020,2,Feb,"SAN DIEGO 7.8 SW, CA US",32.750214,-117.24564,,,0.41
2020,1Q-2020,3,Mar,"SAN DIEGO 7.8 SW, CA US",32.750214,-117.24564,3,0.85,0.67
2020,1Q-2021,1,Jan,"SAN DIEGO 7.8 SW, CA US",32.750214,-117.24564,,,0
2020,2Q-2020,4,Apr,"SAN DIEGO 7.8 SW, CA US",32.750214,-117.24564,3,1.68,2.07
2020,2Q-2020,5,May,"SAN DIEGO 7.8 SW, CA US",32.750214,-117.24564,,,0.05
2020,2Q-2020,6,Jun,"SAN DIEGO 7.8 SW, CA US",32.750214,-117.24564,,,0.17
2020,3Q-2020,7,Jul,"SAN DIEGO 7.8 SW, CA US",32.750214,-117.24564,,,0
2020,3Q-2020,8,Aug,"SAN DIEGO 7.8 SW, CA US",32.750214,-117.24564,,,0
2020,3Q-2020,9,Sep,"SAN DIEGO 7.8 SW, CA US",32.750214,-117.24564,,,0
2020,4Q-2019,12,Dec,"SAN DIEGO 7.8 SW, CA US",32.750214,-117.24564,,,0
2020,4Q-2020,10,Oct,"SAN DIEGO 7.8 SW, CA US",32.750214,-117.24564,,,0
2020,4Q-2020,11,Nov,"SAN DIEGO 7.8 SW, CA US",32.750214,-117.24564,,,0.24
2020,4Q-2020,12,Dec,"SAN DIEGO 7.8 SW, CA US",32.750214,-117.24564,,,0.55
2021,1Q-2021,1,Jan,"SAN DIEGO 7.8 SW, CA US",32.750214,-117.24564,,,2.15
2021,1Q-2021,3,Mar,"SAN DIEGO 7.8 SW, CA US",32.750214,-117.24564,,,1.79
2019,1Q-2019,1,Jan,"SAN DIEGO 7.9NE, CA US",32.805737,-117.07324,,,3.03
2019,1Q-2019,2,Feb,"SAN DIEGO 7.9NE, CA US",32.805737,-117.07324,,,6.15
2019,1Q-2019,3,Mar,"SAN DIEGO 7.9NE, CA US",32.805737,-117.07324,,,1.18
2019,2Q-2019,4,Apr,"SAN DIEGO 7.9NE, CA US",32.805737,-117.07324,,,0.24
2019,2Q-2019,5,May,"SAN DIEGO 7.9NE, CA US",32.805737,-117.07324,7,0.57,0.92
2019,2Q-2019,6,Jun,"SAN DIEGO 7.9NE, CA US",32.805737,-117.07324,2,0,0.07
2019,3Q-2019,7,Jul,"SAN DIEGO 7.9NE, CA US",32.805737,-117.07324,,,0
2019,3Q-2019,8,Aug,"SAN DIEGO 7.9NE, CA US",32.805737,-117.07324,2,0,0
2019,3Q-2019,9,Sep,"SAN DIEGO 7.9NE, CA US",32.805737,-117.07324,,,0.15
2019,4Q-2019,10,Oct,"SAN DIEGO 7.9NE, CA US",32.805737,-117.07324,9,0,0
2019,4Q-2019,11,Nov,"SAN DIEGO 7.9NE, CA US",32.805737,-117.07324,,,3.39
2019,4Q-2019,12,Dec,"SAN DIEGO 7.9NE, CA US",32.805737,-117.07324,2,0.66,2.18
2020,1Q-2020,1,Jan,"SAN DIEGO 7.9NE, CA US",32.805737,-117.07324,,,0.41
2020,1Q-2020,2,Feb,"SAN DIEGO 7.9NE, CA US",32.805737,-117.07324,,,0.8
2020,1Q-2020,3,Mar,"SAN DIEGO 7.9NE, CA US",32.805737,-117.07324,,,4.16
2020,1Q-2021,1,Jan,"SAN DIEGO 7.9NE, CA US",32.805737,-117.07324,,,0
2020,2Q-2020,4,Apr,"SAN DIEGO 7.9NE, CA US",32.805737,-117.07324,,,5.28
2020,2Q-2020,5,May,"SAN DIEGO 7.9NE, CA US",32.805737,-117.07324,2,0,0.02
2020,2Q-2020,6,Jun,"SAN DIEGO 7.9NE, CA US",32.805737,-117.07324,,,0.34
2020,3Q-2020,7,Jul,"SAN DIEGO 7.9NE, CA US",32.805737,-117.07324,,,0
2020,3Q-2020,8,Aug,"SAN DIEGO 7.9NE, CA US",32.805737,-117.07324,2,0,0
2020,3Q-2020,9,Sep,"SAN DIEGO 7.9NE, CA US",32.805737,-117.07324,2,0,0
2020,4Q-2019,12,Dec,"SAN DIEGO 7.9NE, CA US",32.805737,-117.07324,,,0
2020,4Q-2020,10,Oct,"SAN DIEGO 7.9NE, CA US",32.805737,-117.07324,,,0.04
2020,4Q-2020,11,Nov,"SAN DIEGO 7.9NE, CA US",32.805737,-117.07324,,,0.91
2020,4Q-2020,12,Dec,"SAN DIEGO 7.9NE, CA US",32.805737,-117.07324,,,0.68
2021,1Q-2021,1,Jan,"SAN DIEGO 7.9NE, CA US",32.805737,-117.07324,,,2.12
2021,1Q-2021,2,Feb,"SAN DIEGO 7.9NE, CA US",32.805737,-117.07324,,,0.18
2021,1Q-2021,3,Mar,"SAN DIEGO 7.9NE, CA US",32.805737,-117.07324,,,2.07
2019,1Q-2019,1,Jan,"SAN DIEGO 9 NE, CA US",32.816815,-117.05861,,,3.29
2019,1Q-2019,2,Feb,"SAN DIEGO 9 NE, CA US",32.816815,-117.05861,,,6.82
2019,1Q-2019,3,Mar,"SAN DIEGO 9 NE, CA US",32.816815,-117.05861,,,1.12
2019,2Q-2019,4,Apr,"SAN DIEGO 9 NE, CA US",32.816815,-117.05861,,,0.3
2019,2Q-2019,5,May,"SAN DIEGO 9 NE, CA US",32.816815,-117.05861,,,1.68
2019,2Q-2019,6,Jun,"SAN DIEGO 9 NE, CA US",32.816815,-117.05861,,,0.05
2019,3Q-2019,8,Aug,"SAN DIEGO 9 NE, CA US",32.816815,-117.05861,,,0
2019,3Q-2019,9,Sep,"SAN DIEGO 9 NE, CA US",32.816815,-117.05861,,,0.09
2019,4Q-2019,10,Oct,"SAN DIEGO 9 NE, CA US",32.816815,-117.05861,,,0
2019,4Q-2019,11,Nov,"SAN DIEGO 9 NE, CA US",32.816815,-117.05861,,,3.12
2019,4Q-2019,12,Dec,"SAN DIEGO 9 NE, CA US",32.816815,-117.05861,,,3.93
2020,1Q-2020,1,Jan,"SAN DIEGO 9 NE, CA US",32.816815,-117.05861,,,0.39
2020,1Q-2020,2,Feb,"SAN DIEGO 9 NE, CA US",32.816815,-117.05861,,,0.97
2020,1Q-2020,3,Mar,"SAN DIEGO 9 NE, CA US",32.816815,-117.05861,,,5.17
2020,1Q-2021,1,Jan,"SAN DIEGO 9 NE, CA US",32.816815,-117.05861,,,0
2020,2Q-2020,4,Apr,"SAN DIEGO 9 NE, CA US",32.816815,-117.05861,,,1.64
2020,2Q-2020,5,May,"SAN DIEGO 9 NE, CA US",32.816815,-117.05861,,,0
2020,2Q-2020,6,Jun,"SAN DIEGO 9 NE, CA US",32.816815,-117.05861,,,0.3
2020,3Q-2020,7,Jul,"SAN DIEGO 9 NE, CA US",32.816815,-117.05861,,,0
2020,3Q-2020,8,Aug,"SAN DIEGO 9 NE, CA US",32.816815,-117.05861,,,0
2020,3Q-2020,9,Sep,"SAN DIEGO 9 NE, CA US",32.816815,-117.05861,,,0
2020,4Q-2019,12,Dec,"SAN DIEGO 9 NE, CA US",32.816815,-117.05861,,,0
2020,4Q-2020,10,Oct,"SAN DIEGO 9 NE, CA US",32.816815,-117.05861,,,0
2020,4Q-2020,11,Nov,"SAN DIEGO 9 NE, CA US",32.816815,-117.05861,,,0.11
2020,4Q-2020,12,Dec,"SAN DIEGO 9 NE, CA US",32.816815,-117.05861,,,0.8
2021,1Q-2021,1,Jan,"SAN DIEGO 9 NE, CA US",32.816815,-117.05861,,,0.72
2021,1Q-2021,2,Feb,"SAN DIEGO 9 NE, CA US",32.816815,-117.05861,,,0.27
2021,1Q-2021,3,Mar,"SAN DIEGO 9 NE, CA US",32.816815,-117.05861,,,1.98
2019,1Q-2019,1,Jan,"SAN DIEGO 9.5 NNW, CA US",32.842752,-117.22079,,,2.53
2019,1Q-2019,2,Feb,"SAN DIEGO 9.5 NNW, CA US",32.842752,-117.22079,,,6.35
2019,1Q-2019,3,Mar,"SAN DIEGO 9.5 NNW, CA US",32.842752,-117.22079,4,0.37,1.32
2019,2Q-2019,4,Apr,"SAN DIEGO 9.5 NNW, CA US",32.842752,-117.22079,,,0.65
2019,2Q-2019,5,May,"SAN DIEGO 9.5 NNW, CA US",32.842752,-117.22079,,,1.4
2019,2Q-2019,6,Jun,"SAN DIEGO 9.5 NNW, CA US",32.842752,-117.22079,,,0.07
2019,3Q-2019,7,Jul,"SAN DIEGO 9.5 NNW, CA US",32.842752,-117.22079,,,0
2019,3Q-2019,8,Aug,"SAN DIEGO 9.5 NNW, CA US",32.842752,-117.22079,,,0
2019,3Q-2019,9,Sep,"SAN DIEGO 9.5 NNW, CA US",32.842752,-117.22079,,,0.16
2019,4Q-2019,10,Oct,"SAN DIEGO 9.5 NNW, CA US",32.842752,-117.22079,,,0
2019,4Q-2019,11,Nov,"SAN DIEGO 9.5 NNW, CA US",32.842752,-117.22079,5,2.75,0.3
2019,4Q-2019,12,Dec,"SAN DIEGO 9.5 NNW, CA US",32.842752,-117.22079,2,1.41,2.63
2020,1Q-2020,1,Jan,"SAN DIEGO 9.5 NNW, CA US",32.842752,-117.22079,,,0.59
2020,1Q-2020,2,Feb,"SAN DIEGO 9.5 NNW, CA US",32.842752,-117.22079,2,0.3,0.35
2020,1Q-2020,3,Mar,"SAN DIEGO 9.5 NNW, CA US",32.842752,-117.22079,,,0.01
2020,1Q-2021,1,Jan,"SAN DIEGO 9.5 NNW, CA US",32.842752,-117.22079,,,0
2020,2Q-2020,4,Apr,"SAN DIEGO 9.5 NNW, CA US",32.842752,-117.22079,36,6.83,2.13
2020,2Q-2020,5,May,"SAN DIEGO 9.5 NNW, CA US",32.842752,-117.22079,44,0.11,0
2020,2Q-2020,6,Jun,"SAN DIEGO 9.5 NNW, CA US",32.842752,-117.22079,11,0.16,0.06
2020,3Q-2020,7,Jul,"SAN DIEGO 9.5 NNW, CA US",32.842752,-117.22079,,,0
2020,3Q-2020,8,Aug,"SAN DIEGO 9.5 NNW, CA US",32.842752,-117.22079,,,0
2020,3Q-2020,9,Sep,"SAN DIEGO 9.5 NNW, CA US",32.842752,-117.22079,,,0
2020,4Q-2019,12,Dec,"SAN DIEGO 9.5 NNW, CA US",32.842752,-117.22079,,,0
2020,4Q-2020,10,Oct,"SAN DIEGO 9.5 NNW, CA US",32.842752,-117.22079,,,0
2020,4Q-2020,11,Nov,"SAN DIEGO 9.5 NNW, CA US",32.842752,-117.22079,,,0.68
2020,4Q-2020,12,Dec,"SAN DIEGO 9.5 NNW, CA US",32.842752,-117.22079,6,0.03,0.79
2021,1Q-2021,1,Jan,"SAN DIEGO 9.5 NNW, CA US",32.842752,-117.22079,9,1.94,0
2021,1Q-2021,2,Feb,"SAN DIEGO 9.5 NNW, CA US",32.842752,-117.22079,16,0.07,0.12
2021,1Q-2021,3,Mar,"SAN DIEGO 9.5 NNW, CA US",32.842752,-117.22079,3,0.83,0.6
2019,1Q-2019,1,Jan,"SAN DIEGO BROWN FIELD, CA US",32.57222,-116.97944,,,2.06
2019,1Q-2019,2,Feb,"SAN DIEGO BROWN FIELD, CA US",32.57222,-116.97944,,,4.58
2019,1Q-2019,3,Mar,"SAN DIEGO BROWN FIELD, CA US",32.57222,-116.97944,,,0.92
2019,2Q-2019,4,Apr,"SAN DIEGO BROWN FIELD, CA US",32.57222,-116.97944,,,0.29
2019,2Q-2019,5,May,"SAN DIEGO BROWN FIELD, CA US",32.57222,-116.97944,,,1.05
2019,2Q-2019,6,Jun,"SAN DIEGO BROWN FIELD, CA US",32.57222,-116.97944,,,0.04
2019,3Q-2019,7,Jul,"SAN DIEGO BROWN FIELD, CA US",32.57222,-116.97944,,,0
2019,3Q-2019,8,Aug,"SAN DIEGO BROWN FIELD, CA US",32.57222,-116.97944,,,0
2019,3Q-2019,9,Sep,"SAN DIEGO BROWN FIELD, CA US",32.57222,-116.97944,,,0.18
2019,4Q-2019,10,Oct,"SAN DIEGO BROWN FIELD, CA US",32.57222,-116.97944,,,0
2019,4Q-2019,11,Nov,"SAN DIEGO BROWN FIELD, CA US",32.57222,-116.97944,,,4.42
2019,4Q-2019,12,Dec,"SAN DIEGO BROWN FIELD, CA US",32.57222,-116.97944,,,4.94
2020,1Q-2020,1,Jan,"SAN DIEGO BROWN FIELD, CA US",32.57222,-116.97944,,,0.31
2020,1Q-2020,2,Feb,"SAN DIEGO BROWN FIELD, CA US",32.57222,-116.97944,,,0.79
2020,1Q-2020,3,Mar,"SAN DIEGO BROWN FIELD, CA US",32.57222,-116.97944,,,3.61
2020,1Q-2021,1,Jan,"SAN DIEGO BROWN FIELD, CA US",32.57222,-116.97944,,,0
2020,2Q-2020,4,Apr,"SAN DIEGO BROWN FIELD, CA US",32.57222,-116.97944,,,3.36
2020,2Q-2020,5,May,"SAN DIEGO BROWN FIELD, CA US",32.57222,-116.97944,,,0
2020,2Q-2020,6,Jun,"SAN DIEGO BROWN FIELD, CA US",32.57222,-116.97944,,,0.08
2020,3Q-2020,7,Jul,"SAN DIEGO BROWN FIELD, CA US",32.57222,-116.97944,,,0
2020,3Q-2020,8,Aug,"SAN DIEGO BROWN FIELD, CA US",32.57222,-116.97944,,,0
2020,3Q-2020,9,Sep,"SAN DIEGO BROWN FIELD, CA US",32.57222,-116.97944,,,0
2020,4Q-2019,12,Dec,"SAN DIEGO BROWN FIELD, CA US",32.57222,-116.97944,,,0
2020,4Q-2020,10,Oct,"SAN DIEGO BROWN FIELD, CA US",32.57222,-116.97944,,,0.12
2020,4Q-2020,11,Nov,"SAN DIEGO BROWN FIELD, CA US",32.57222,-116.97944,,,0.44
2020,4Q-2020,12,Dec,"SAN DIEGO BROWN FIELD, CA US",32.57222,-116.97944,,,0.96
2021,1Q-2021,1,Jan,"SAN DIEGO BROWN FIELD, CA US",32.57222,-116.97944,,,2.09
2021,1Q-2021,2,Feb,"SAN DIEGO BROWN FIELD, CA US",32.57222,-116.97944,,,0.24
2021,1Q-2021,3,Mar,"SAN DIEGO BROWN FIELD, CA US",32.57222,-116.97944,,,1.81
2019,1Q-2019,1,Jan,"SAN DIEGO INTERNATIONAL AIRPORT, CA US",32.7336,-117.1831,,,2.8
2019,1Q-2019,2,Feb,"SAN DIEGO INTERNATIONAL AIRPORT, CA US",32.7336,-117.1831,,,3.42
2019,1Q-2019,3,Mar,"SAN DIEGO INTERNATIONAL AIRPORT, CA US",32.7336,-117.1831,,,1.23
2019,2Q-2019,4,Apr,"SAN DIEGO INTERNATIONAL AIRPORT, CA US",32.7336,-117.1831,,,0.16
2019,2Q-2019,5,May,"SAN DIEGO INTERNATIONAL AIRPORT, CA US",32.7336,-117.1831,,,0.8
2019,2Q-2019,6,Jun,"SAN DIEGO INTERNATIONAL AIRPORT, CA US",32.7336,-117.1831,,,0.01
2019,3Q-2019,7,Jul,"SAN DIEGO INTERNATIONAL AIRPORT, CA US",32.7336,-117.1831,,,0
2019,3Q-2019,8,Aug,"SAN DIEGO INTERNATIONAL AIRPORT, CA US",32.7336,-117.1831,,,0
2019,3Q-2019,9,Sep,"SAN DIEGO INTERNATIONAL AIRPORT, CA US",32.7336,-117.1831,,,0.11
2019,4Q-2019,10,Oct,"SAN DIEGO INTERNATIONAL AIRPORT, CA US",32.7336,-117.1831,,,0
2019,4Q-2019,11,Nov,"SAN DIEGO INTERNATIONAL AIRPORT, CA US",32.7336,-117.1831,,,2.72
2019,4Q-2019,12,Dec,"SAN DIEGO INTERNATIONAL AIRPORT, CA US",32.7336,-117.1831,,,4.03
2020,1Q-2020,1,Jan,"SAN DIEGO INTERNATIONAL AIRPORT, CA US",32.7336,-117.1831,,,0.48
2020,1Q-2020,2,Feb,"SAN DIEGO INTERNATIONAL AIRPORT, CA US",32.7336,-117.1831,,,0.38
2020,1Q-2020,3,Mar,"SAN DIEGO INTERNATIONAL AIRPORT, CA US",32.7336,-117.1831,,,2.15
2020,1Q-2021,1,Jan,"SAN DIEGO INTERNATIONAL AIRPORT, CA US",32.7336,-117.1831,,,0
2020,2Q-2020,4,Apr,"SAN DIEGO INTERNATIONAL AIRPORT, CA US",32.7336,-117.1831,,,3.68
2020,2Q-2020,5,May,"SAN DIEGO INTERNATIONAL AIRPORT, CA US",32.7336,-117.1831,,,0.02
2020,2Q-2020,6,Jun,"SAN DIEGO INTERNATIONAL AIRPORT, CA US",32.7336,-117.1831,,,0.14
2020,3Q-2020,7,Jul,"SAN DIEGO INTERNATIONAL AIRPORT, CA US",32.7336,-117.1831,,,0
2020,3Q-2020,8,Aug,"SAN DIEGO INTERNATIONAL AIRPORT, CA US",32.7336,-117.1831,,,0
2020,3Q-2020,9,Sep,"SAN DIEGO INTERNATIONAL AIRPORT, CA US",32.7336,-117.1831,,,0
2020,4Q-2019,12,Dec,"SAN DIEGO INTERNATIONAL AIRPORT, CA US",32.7336,-117.1831,,,0
2020,4Q-2020,10,Oct,"SAN DIEGO INTERNATIONAL AIRPORT, CA US",32.7336,-117.1831,,,0.12
2020,4Q-2020,11,Nov,"SAN DIEGO INTERNATIONAL AIRPORT, CA US",32.7336,-117.1831,,,0.26
2020,4Q-2020,12,Dec,"SAN DIEGO INTERNATIONAL AIRPORT, CA US",32.7336,-117.1831,,,0.6
2021,1Q-2021,1,Jan,"SAN DIEGO INTERNATIONAL AIRPORT, CA US",32.7336,-117.1831,,,1.8
2021,1Q-2021,2,Feb,"SAN DIEGO INTERNATIONAL AIRPORT, CA US",32.7336,-117.1831,,,0.1
2021,1Q-2021,3,Mar,"SAN DIEGO INTERNATIONAL AIRPORT, CA US",32.7336,-117.1831,,,1.43
2019,1Q-2019,3,Mar,"SAN DIEGO MIRAMAR NAS, CA US",32.86667,-117.13333,,,0
2019,2Q-2019,4,Apr,"SAN DIEGO MIRAMAR NAS, CA US",32.86667,-117.13333,,,0.04
2019,2Q-2019,5,May,"SAN DIEGO MIRAMAR NAS, CA US",32.86667,-117.13333,,,0.02
2019,3Q-2019,7,Jul,"SAN DIEGO MIRAMAR NAS, CA US",32.86667,-117.13333,,,0
2019,3Q-2019,8,Aug,"SAN DIEGO MIRAMAR NAS, CA US",32.86667,-117.13333,,,0
2019,3Q-2019,9,Sep,"SAN DIEGO MIRAMAR NAS, CA US",32.86667,-117.13333,,,0
2020,1Q-2020,1,Jan,"SAN DIEGO MIRAMAR NAS, CA US",32.86667,-117.13333,,,0
2020,1Q-2020,2,Feb,"SAN DIEGO MIRAMAR NAS, CA US",32.86667,-117.13333,,,0.28
2020,1Q-2020,3,Mar,"SAN DIEGO MIRAMAR NAS, CA US",32.86667,-117.13333,,,2.64
2020,2Q-2020,6,Jun,"SAN DIEGO MIRAMAR NAS, CA US",32.86667,-117.13333,,,0.02
2021,1Q-2021,1,Jan,"SAN DIEGO MIRAMAR NAS, CA US",32.86667,-117.13333,,,0.06
2019,1Q-2019,1,Jan,"SAN DIEGO MONTGOMERY FIELD, CA US",32.81583,-117.13944,,,2.09
2019,1Q-2019,2,Feb,"SAN DIEGO MONTGOMERY FIELD, CA US",32.81583,-117.13944,,,4.51
2019,1Q-2019,3,Mar,"SAN DIEGO MONTGOMERY FIELD, CA US",32.81583,-117.13944,,,1.1
2019,2Q-2019,4,Apr,"SAN DIEGO MONTGOMERY FIELD, CA US",32.81583,-117.13944,,,0.35
2019,2Q-2019,5,May,"SAN DIEGO MONTGOMERY FIELD, CA US",32.81583,-117.13944,,,1.03
2019,2Q-2019,6,Jun,"SAN DIEGO MONTGOMERY FIELD, CA US",32.81583,-117.13944,,,0.09
2019,3Q-2019,7,Jul,"SAN DIEGO MONTGOMERY FIELD, CA US",32.81583,-117.13944,,,0
2019,3Q-2019,8,Aug,"SAN DIEGO MONTGOMERY FIELD, CA US",32.81583,-117.13944,,,0
2019,3Q-2019,9,Sep,"SAN DIEGO MONTGOMERY FIELD, CA US",32.81583,-117.13944,,,0.06
2019,4Q-2019,10,Oct,"SAN DIEGO MONTGOMERY FIELD, CA US",32.81583,-117.13944,,,0
2019,4Q-2019,11,Nov,"SAN DIEGO MONTGOMERY FIELD, CA US",32.81583,-117.13944,,,2.47
2019,4Q-2019,12,Dec,"SAN DIEGO MONTGOMERY FIELD, CA US",32.81583,-117.13944,,,3.31
2020,1Q-2020,1,Jan,"SAN DIEGO MONTGOMERY FIELD, CA US",32.81583,-117.13944,,,0.34
2020,1Q-2020,2,Feb,"SAN DIEGO MONTGOMERY FIELD, CA US",32.81583,-117.13944,,,0.39
2020,1Q-2020,3,Mar,"SAN DIEGO MONTGOMERY FIELD, CA US",32.81583,-117.13944,,,2.65
2020,1Q-2021,1,Jan,"SAN DIEGO MONTGOMERY FIELD, CA US",32.81583,-117.13944,,,0
2020,2Q-2020,4,Apr,"SAN DIEGO MONTGOMERY FIELD, CA US",32.81583,-117.13944,,,3.99
2020,2Q-2020,5,May,"SAN DIEGO MONTGOMERY FIELD, CA US",32.81583,-117.13944,,,0.01
2020,2Q-2020,6,Jun,"SAN DIEGO MONTGOMERY FIELD, CA US",32.81583,-117.13944,,,0.21
2020,3Q-2020,7,Jul,"SAN DIEGO MONTGOMERY FIELD, CA US",32.81583,-117.13944,,,0
2020,3Q-2020,8,Aug,"SAN DIEGO MONTGOMERY FIELD, CA US",32.81583,-117.13944,,,0
2020,3Q-2020,9,Sep,"SAN DIEGO MONTGOMERY FIELD, CA US",32.81583,-117.13944,,,0
2020,4Q-2019,12,Dec,"SAN DIEGO MONTGOMERY FIELD, CA US",32.81583,-117.13944,,,0
2020,4Q-2020,10,Oct,"SAN DIEGO MONTGOMERY FIELD, CA US",32.81583,-117.13944,,,0
2020,4Q-2020,11,Nov,"SAN DIEGO MONTGOMERY FIELD, CA US",32.81583,-117.13944,,,0.88
2020,4Q-2020,12,Dec,"SAN DIEGO MONTGOMERY FIELD, CA US",32.81583,-117.13944,,,0.62
2021,1Q-2021,1,Jan,"SAN DIEGO MONTGOMERY FIELD, CA US",32.81583,-117.13944,,,1.91
2021,1Q-2021,2,Feb,"SAN DIEGO MONTGOMERY FIELD, CA US",32.81583,-117.13944,,,0.12
2021,1Q-2021,3,Mar,"SAN DIEGO MONTGOMERY FIELD, CA US",32.81583,-117.13944,,,2.01
2019,1Q-2019,1,Jan,"SAN DIEGO SEAWORLD, CA US",32.76536,-117.2315,,,2.15
2019,1Q-2019,2,Feb,"SAN DIEGO SEAWORLD, CA US",32.76536,-117.2315,,,3.85
2019,1Q-2019,3,Mar,"SAN DIEGO SEAWORLD, CA US",32.76536,-117.2315,,,1.29
2019,2Q-2019,4,Apr,"SAN DIEGO SEAWORLD, CA US",32.76536,-117.2315,,,0.31
2019,2Q-2019,5,May,"SAN DIEGO SEAWORLD, CA US",32.76536,-117.2315,,,0.85
2019,2Q-2019,6,Jun,"SAN DIEGO SEAWORLD, CA US",32.76536,-117.2315,,,0.03
2019,3Q-2019,7,Jul,"SAN DIEGO SEAWORLD, CA US",32.76536,-117.2315,,,0.06
2019,3Q-2019,8,Aug,"SAN DIEGO SEAWORLD, CA US",32.76536,-117.2315,,,0
2019,3Q-2019,9,Sep,"SAN DIEGO SEAWORLD, CA US",32.76536,-117.2315,,,0.04
2019,4Q-2019,10,Oct,"SAN DIEGO SEAWORLD, CA US",32.76536,-117.2315,,,0
2019,4Q-2019,11,Nov,"SAN DIEGO SEAWORLD, CA US",32.76536,-117.2315,,,1.79
2019,4Q-2019,12,Dec,"SAN DIEGO SEAWORLD, CA US",32.76536,-117.2315,,,3.2
2020,1Q-2020,1,Jan,"SAN DIEGO SEAWORLD, CA US",32.76536,-117.2315,,,0.46
2020,1Q-2020,2,Feb,"SAN DIEGO SEAWORLD, CA US",32.76536,-117.2315,,,0.56
2020,1Q-2020,3,Mar,"SAN DIEGO SEAWORLD, CA US",32.76536,-117.2315,,,1.73
2020,1Q-2021,1,Jan,"SAN DIEGO SEAWORLD, CA US",32.76536,-117.2315,,,0.04
2020,2Q-2020,4,Apr,"SAN DIEGO SEAWORLD, CA US",32.76536,-117.2315,,,2.92
2020,2Q-2020,5,May,"SAN DIEGO SEAWORLD, CA US",32.76536,-117.2315,,,0
2020,2Q-2020,6,Jun,"SAN DIEGO SEAWORLD, CA US",32.76536,-117.2315,,,0.15
2020,3Q-2020,7,Jul,"SAN DIEGO SEAWORLD, CA US",32.76536,-117.2315,,,0
2020,3Q-2020,8,Aug,"SAN DIEGO SEAWORLD, CA US",32.76536,-117.2315,,,0
2020,3Q-2020,9,Sep,"SAN DIEGO SEAWORLD, CA US",32.76536,-117.2315,,,0.04
2020,4Q-2019,12,Dec,"SAN DIEGO SEAWORLD, CA US",32.76536,-117.2315,,,0
2020,4Q-2020,10,Oct,"SAN DIEGO SEAWORLD, CA US",32.76536,-117.2315,,,0.08
2020,4Q-2020,11,Nov,"SAN DIEGO SEAWORLD, CA US",32.76536,-117.2315,,,0.4
2020,4Q-2020,12,Dec,"SAN DIEGO SEAWORLD, CA US",32.76536,-117.2315,,,0.51
2021,1Q-2021,1,Jan,"SAN DIEGO SEAWORLD, CA US",32.76536,-117.2315,,,1.25
2021,1Q-2021,2,Feb,"SAN DIEGO SEAWORLD, CA US",32.76536,-117.2315,,,0.08
2021,1Q-2021,3,Mar,"SAN DIEGO SEAWORLD, CA US",32.76536,-117.2315,,,1.09